{"name":"ThankyouIntent","identifier":"98UFMD3LD6","description":"This intent is closing intent of conversation.","parentIntentSignature":null,"sampleUtterances":[{"utterance":"thanks"},{"utterance":"thank you"},{"utterance":"bye"},{"utterance":"thanks for the information"}],"intentConfirmationSetting":null,"intentClosingSetting":null,"inputContexts":null,"outputContexts":null,"kendraConfiguration":null,"dialogCodeHook":null,"fulfillmentCodeHook":{"postFulfillmentStatusSpecification":{"failureResponse":null,"successResponse":{"messageGroupsList":[{"message":{"ssmlMessage":null,"customPayload":null,"plainTextMessage":{"value":"You are welcome, Please take care yourself and have a wonderful day!"},"imageResponseCard":null},"variations":null}],"allowInterrupt":true},"timeoutResponse":null},"fulfillmentUpdatesSpecification":null,"enabled":false},"slotPriorities":[]}