{"name":"HealthIDDetectIntent","identifier":"W1AVZHA9KN","description":"This intent will identify utterances with health Id capturing","parentIntentSignature":null,"sampleUtterances":[{"utterance":"my health id is {health-id}"},{"utterance":"this is my health id {health-id}"},{"utterance":"here you go {health-id}"}],"intentConfirmationSetting":null,"intentClosingSetting":{"isActive":false,"closingResponse":{"messageGroupsList":[{"message":{"ssmlMessage":null,"customPayload":null,"plainTextMessage":{"value":"Thank you for verifying your Health ID Manoj. Can you please let me know your problem? or upload an image affected skin."},"imageResponseCard":null},"variations":null}],"allowInterrupt":true}},"inputContexts":null,"outputContexts":null,"kendraConfiguration":null,"dialogCodeHook":{"enabled":false},"fulfillmentCodeHook":{"postFulfillmentStatusSpecification":{"failureResponse":null,"successResponse":{"messageGroupsList":[{"message":{"ssmlMessage":null,"customPayload":null,"plainTextMessage":{"value":"Thank you for verifying your Health ID Manoj. Can you please let me know your problem? "},"imageResponseCard":null},"variations":null}],"allowInterrupt":true},"timeoutResponse":null},"fulfillmentUpdatesSpecification":null,"enabled":false},"slotPriorities":[{"priority":1,"slotName":"health-id"}]}