{"name":"disease-name","identifier":"FKCHWPQUL5","description":"This slot will get the images of diseased skin","slotTypeValues":[{"synonyms":null,"sampleValue":{"value":"acne"}},{"synonyms":null,"sampleValue":{"value":"blister"}},{"synonyms":null,"sampleValue":{"value":"eczema"}},{"synonyms":null,"sampleValue":{"value":"melanoma"}},{"synonyms":null,"sampleValue":{"value":"psoriasis"}},{"synonyms":null,"sampleValue":{"value":"scabies"}}],"parentSlotTypeSignature":null,"valueSelectionSetting":{"resolutionStrategy":"ORIGINAL_VALUE","regexFilter":null}}