{"name":"GenericSkinIssuesIntent","identifier":"95JEO6CWK7","description":"This intent will be used for determining the generic skin issues.","parentIntentSignature":null,"sampleUtterances":[{"utterance":"I have some skin problem"},{"utterance":"I have some itching on my skin"},{"utterance":"my skin is growing pale can you help ?"},{"utterance":"I have an Acne issue; can you please give assist on this?"},{"utterance":"i have an acne"},{"utterance":"skin issues"},{"utterance":"skin problem"},{"utterance":"allergy "},{"utterance":"itching"},{"utterance":"red skin "},{"utterance":"i have blister"},{"utterance":"age spot"},{"utterance":"abcess"},{"utterance":"alopecia areata"},{"utterance":"fungal infection "},{"utterance":"skin rashes"},{"utterance":"skin peeling"},{"utterance":"skin redness"},{"utterance":"sunburn"},{"utterance":"i have black patches"}],"intentConfirmationSetting":null,"intentClosingSetting":null,"inputContexts":null,"outputContexts":null,"kendraConfiguration":null,"dialogCodeHook":{"enabled":true},"fulfillmentCodeHook":{"postFulfillmentStatusSpecification":{"failureResponse":null,"successResponse":{"messageGroupsList":[{"message":{"ssmlMessage":null,"customPayload":null,"plainTextMessage":{"value":"Thank you for uploading the image {firstname}. Please wait while we analyze your issue."},"imageResponseCard":null},"variations":null}],"allowInterrupt":true},"timeoutResponse":null},"fulfillmentUpdatesSpecification":null,"enabled":false},"slotPriorities":[{"priority":4,"slotName":"itching"},{"priority":1,"slotName":"time"},{"priority":2,"slotName":"FileUploadStatus"},{"priority":3,"slotName":"injury"},{"priority":5,"slotName":"isChanging"}]}