{"name":"OpeningIntent","identifier":"DLNKL1MNXM","description":"This is opening intent which is used for greeting the chatbot","parentIntentSignature":null,"sampleUtterances":[{"utterance":"Hi"},{"utterance":"How are you ?"},{"utterance":"Good Morning"},{"utterance":"Good Afternoon"},{"utterance":"Hola"},{"utterance":"Hie"},{"utterance":"Hello"}],"intentConfirmationSetting":null,"intentClosingSetting":null,"inputContexts":null,"outputContexts":null,"kendraConfiguration":null,"dialogCodeHook":null,"fulfillmentCodeHook":{"postFulfillmentStatusSpecification":{"failureResponse":null,"successResponse":{"messageGroupsList":[{"message":{"ssmlMessage":null,"customPayload":null,"plainTextMessage":{"value":"Hello ! How may I help you ? "},"imageResponseCard":null},"variations":null}],"allowInterrupt":true},"timeoutResponse":null},"fulfillmentUpdatesSpecification":null,"enabled":false},"slotPriorities":[]}